,name,avatar_id,date,language,mobile,city
0,avatar_d35_step7j_0_0,38715,35,romanian,0,paris
156,avatar_d36_step7j_0_1,38716,36,romanian,0,copenhagen
291,avatar_d37_step7j_0_2,38717,37,romanian,0,madrid
399,avatar_d34_step7j_0_3,38718,34,romanian,0,rome
521,avatar_d38_step7j_0_4,38719,38,romanian,0,sofia
574,avatar_d38_step7j_0_5,38720,38,romanian,0,vilnius
660,avatar_d36_step7j_0_6,38721,36,romanian,0,vienna
758,avatar_d35_step7j_0_7,38722,35,romanian,0,amsterdam
883,avatar_d37_step7j_0_8,38723,37,romanian,0,valletta
928,avatar_d37_step7j_0_9,38724,37,swedish,0,paris
1084,avatar_d35_step7j_0_10,38725,35,swedish,0,copenhagen
1219,avatar_d37_step7j_0_11,38726,37,swedish,0,madrid
1327,avatar_d35_step7j_0_12,38727,35,swedish,0,rome
1449,avatar_d35_step7j_0_13,38728,35,swedish,0,sofia
1502,avatar_d34_step7j_0_14,38729,34,swedish,0,vilnius
1588,avatar_d35_step7j_0_15,38730,35,swedish,0,vienna
1686,avatar_d36_step7j_0_16,38731,36,swedish,0,amsterdam
1811,avatar_d37_step7j_0_17,38732,37,swedish,0,valletta
1856,avatar_d35_step7j_0_18,38733,35,maltese,0,paris
2012,avatar_d38_step7j_0_19,38734,38,maltese,0,copenhagen
2147,avatar_d36_step7j_0_20,38735,36,maltese,0,madrid
2255,avatar_d35_step7j_0_21,38736,35,maltese,0,rome
2377,avatar_d38_step7j_0_22,38737,38,maltese,0,sofia
2430,avatar_d35_step7j_0_23,38738,35,maltese,0,vilnius
2516,avatar_d35_step7j_0_24,38739,35,maltese,0,vienna
2614,avatar_d36_step7j_0_25,38740,36,maltese,0,amsterdam
2739,avatar_d34_step7j_0_26,38741,34,maltese,0,valletta
2784,avatar_d34_step7j_0_27,38742,34,belgian,0,paris
2940,avatar_d36_step7j_0_28,38743,36,belgian,0,copenhagen
3075,avatar_d35_step7j_0_29,38744,35,belgian,0,madrid
3183,avatar_d34_step7j_0_30,38745,34,belgian,0,rome
3305,avatar_d36_step7j_0_31,38746,36,belgian,0,sofia
3358,avatar_d38_step7j_0_32,38747,38,belgian,0,vilnius
3444,avatar_d37_step7j_0_33,38748,37,belgian,0,vienna
3542,avatar_d34_step7j_0_34,38749,34,belgian,0,amsterdam
3667,avatar_d37_step7j_0_35,38750,37,belgian,0,valletta
3712,avatar_d36_step7j_0_36,38751,36,luxembourgish,0,paris
3868,avatar_d34_step7j_0_37,38752,34,luxembourgish,0,copenhagen
4003,avatar_d38_step7j_0_38,38753,38,luxembourgish,0,madrid
4111,avatar_d35_step7j_0_39,38754,35,luxembourgish,0,rome
4233,avatar_d37_step7j_0_40,38755,37,luxembourgish,0,sofia
4286,avatar_d36_step7j_0_41,38756,36,luxembourgish,0,vilnius
4372,avatar_d34_step7j_0_42,38757,34,luxembourgish,0,vienna
4470,avatar_d36_step7j_0_43,38758,36,luxembourgish,0,amsterdam
4595,avatar_d36_step7j_0_44,38759,36,luxembourgish,0,valletta
4640,avatar_d36_step7j_0_45,38760,36,dutch,0,paris
4796,avatar_d38_step7j_0_46,38761,38,dutch,0,copenhagen
4931,avatar_d38_step7j_0_47,38762,38,dutch,0,madrid
5039,avatar_d37_step7j_0_48,38763,37,dutch,0,rome
5161,avatar_d35_step7j_0_49,38764,35,dutch,0,sofia
5214,avatar_d34_step7j_0_50,38765,34,dutch,0,vilnius
5300,avatar_d38_step7j_0_51,38766,38,dutch,0,vienna
5398,avatar_d35_step7j_0_52,38767,35,dutch,0,amsterdam
5523,avatar_d34_step7j_0_53,38768,34,dutch,0,valletta
5568,avatar_d38_step7j_0_54,38769,38,french,0,paris
5724,avatar_d37_step7j_0_55,38770,37,french,0,copenhagen
5859,avatar_d34_step7j_0_56,38771,34,french,0,madrid
5967,avatar_d34_step7j_0_57,38772,34,french,0,rome
6089,avatar_d37_step7j_0_58,38773,37,french,0,sofia
6142,avatar_d36_step7j_0_59,38774,36,french,0,vilnius
6228,avatar_d38_step7j_0_60,38775,38,french,0,vienna
6326,avatar_d36_step7j_0_61,38776,36,french,0,amsterdam
6451,avatar_d36_step7j_0_62,38777,36,french,0,valletta
6496,avatar_d36_step7j_0_63,38778,36,finnish,0,paris
6652,avatar_d37_step7j_0_64,38779,37,finnish,0,copenhagen
6787,avatar_d36_step7j_0_65,38780,36,finnish,0,madrid
6895,avatar_d34_step7j_0_66,38781,34,finnish,0,rome
7017,avatar_d36_step7j_0_67,38782,36,finnish,0,sofia
7070,avatar_d36_step7j_0_68,38783,36,finnish,0,vilnius
7156,avatar_d35_step7j_0_69,38784,35,finnish,0,vienna
7254,avatar_d36_step7j_0_70,38785,36,finnish,0,amsterdam
7379,avatar_d36_step7j_0_71,38786,36,finnish,0,valletta
7424,avatar_d36_step7j_0_72,38787,36,austrian,0,paris
7580,avatar_d38_step7j_0_73,38788,38,austrian,0,copenhagen
7715,avatar_d34_step7j_0_74,38789,34,austrian,0,madrid
7823,avatar_d37_step7j_0_75,38790,37,austrian,0,rome
7945,avatar_d38_step7j_0_76,38791,38,austrian,0,sofia
7998,avatar_d36_step7j_0_77,38792,36,austrian,0,vilnius
8084,avatar_d36_step7j_0_78,38793,36,austrian,0,vienna
8182,avatar_d38_step7j_0_79,38794,38,austrian,0,amsterdam
8307,avatar_d35_step7j_0_80,38795,35,austrian,0,valletta
8352,avatar_d34_step7j_0_81,38796,34,slovakian,0,paris
8508,avatar_d38_step7j_0_82,38797,38,slovakian,0,copenhagen
8643,avatar_d34_step7j_0_83,38798,34,slovakian,0,madrid
8751,avatar_d37_step7j_0_84,38799,37,slovakian,0,rome
8873,avatar_d35_step7j_0_85,38800,35,slovakian,0,sofia
8926,avatar_d36_step7j_0_86,38801,36,slovakian,0,vilnius
9012,avatar_d34_step7j_0_87,38802,34,slovakian,0,vienna
9110,avatar_d35_step7j_0_88,38803,35,slovakian,0,amsterdam
9235,avatar_d37_step7j_0_89,38804,37,slovakian,0,valletta
9280,avatar_d36_step7j_0_90,38805,36,hungarian,0,paris
9436,avatar_d36_step7j_0_91,38806,36,hungarian,0,copenhagen
9571,avatar_d34_step7j_0_92,38807,34,hungarian,0,madrid
9679,avatar_d38_step7j_0_93,38808,38,hungarian,0,rome
9801,avatar_d38_step7j_0_94,38809,38,hungarian,0,sofia
9854,avatar_d35_step7j_0_95,38810,35,hungarian,0,vilnius
9940,avatar_d35_step7j_0_96,38811,35,hungarian,0,vienna
10038,avatar_d38_step7j_0_97,38812,38,hungarian,0,amsterdam
10163,avatar_d37_step7j_0_98,38813,37,hungarian,0,valletta
10208,avatar_d36_step7j_0_99,38814,36,bulgarian,0,paris
10364,avatar_d37_step7j_0_100,38815,37,bulgarian,0,copenhagen
10499,avatar_d35_step7j_0_101,38816,35,bulgarian,0,madrid
10607,avatar_d37_step7j_0_102,38817,37,bulgarian,0,rome
10729,avatar_d36_step7j_0_103,38818,36,bulgarian,0,sofia
10782,avatar_d38_step7j_0_104,38819,38,bulgarian,0,vilnius
10868,avatar_d36_step7j_0_105,38820,36,bulgarian,0,vienna
10966,avatar_d36_step7j_0_106,38821,36,bulgarian,0,amsterdam
11091,avatar_d35_step7j_0_107,38822,35,bulgarian,0,valletta
11136,avatar_d34_step7j_0_108,38823,34,danish,0,paris
11292,avatar_d36_step7j_0_109,38824,36,danish,0,copenhagen
11427,avatar_d35_step7j_0_110,38825,35,danish,0,madrid
11535,avatar_d37_step7j_0_111,38826,37,danish,0,rome
11657,avatar_d38_step7j_0_112,38827,38,danish,0,sofia
11710,avatar_d38_step7j_0_113,38828,38,danish,0,vilnius
11796,avatar_d34_step7j_0_114,38829,34,danish,0,vienna
11894,avatar_d37_step7j_0_115,38830,37,danish,0,amsterdam
12019,avatar_d36_step7j_0_116,38831,36,danish,0,valletta
12064,avatar_d34_step7j_0_117,38832,34,greek,0,paris
12220,avatar_d38_step7j_0_118,38833,38,greek,0,copenhagen
12355,avatar_d34_step7j_0_119,38834,34,greek,0,madrid
12463,avatar_d37_step7j_0_120,38835,37,greek,0,rome
12585,avatar_d34_step7j_0_121,38836,34,greek,0,sofia
12638,avatar_d35_step7j_0_122,38837,35,greek,0,vilnius
12724,avatar_d37_step7j_0_123,38838,37,greek,0,vienna
12822,avatar_d37_step7j_0_124,38839,37,greek,0,amsterdam
12947,avatar_d38_step7j_0_125,38840,38,greek,0,valletta
12992,avatar_d37_step7j_0_126,38841,37,croatian,0,paris
13148,avatar_d36_step7j_0_127,38842,36,croatian,0,copenhagen
13283,avatar_d37_step7j_0_128,38843,37,croatian,0,madrid
13391,avatar_d37_step7j_0_129,38844,37,croatian,0,rome
13513,avatar_d36_step7j_0_130,38845,36,croatian,0,sofia
13566,avatar_d34_step7j_0_131,38846,34,croatian,0,vilnius
13652,avatar_d34_step7j_0_132,38847,34,croatian,0,vienna
13750,avatar_d37_step7j_0_133,38848,37,croatian,0,amsterdam
13875,avatar_d36_step7j_0_134,38849,36,croatian,0,valletta
13920,avatar_d37_step7j_0_135,38850,37,polish,0,paris
14076,avatar_d35_step7j_0_136,38851,35,polish,0,copenhagen
14211,avatar_d37_step7j_0_137,38852,37,polish,0,madrid
14319,avatar_d38_step7j_0_138,38853,38,polish,0,rome
14441,avatar_d38_step7j_0_139,38854,38,polish,0,sofia
14494,avatar_d34_step7j_0_140,38855,34,polish,0,vilnius
14580,avatar_d34_step7j_0_141,38856,34,polish,0,vienna
14678,avatar_d36_step7j_0_142,38857,36,polish,0,amsterdam
14803,avatar_d34_step7j_0_143,38858,34,polish,0,valletta
14848,avatar_d34_step7j_0_144,38859,34,german,0,paris
15004,avatar_d37_step7j_0_145,38860,37,german,0,copenhagen
15139,avatar_d35_step7j_0_146,38861,35,german,0,madrid
15247,avatar_d38_step7j_0_147,38862,38,german,0,rome
15369,avatar_d35_step7j_0_148,38863,35,german,0,sofia
15422,avatar_d36_step7j_0_149,38864,36,german,0,vilnius
15508,avatar_d37_step7j_0_150,38865,37,german,0,vienna
15606,avatar_d37_step7j_0_151,38866,37,german,0,amsterdam
15731,avatar_d34_step7j_0_152,38867,34,german,0,valletta
15776,avatar_d38_step7j_0_153,38868,38,spanish,0,paris
15932,avatar_d36_step7j_0_154,38869,36,spanish,0,copenhagen
16067,avatar_d34_step7j_0_155,38870,34,spanish,0,madrid
16175,avatar_d35_step7j_0_156,38871,35,spanish,0,rome
16297,avatar_d37_step7j_0_157,38872,37,spanish,0,sofia
16350,avatar_d35_step7j_0_158,38873,35,spanish,0,vilnius
16436,avatar_d34_step7j_0_159,38874,34,spanish,0,vienna
16534,avatar_d34_step7j_0_160,38875,34,spanish,0,amsterdam
16659,avatar_d34_step7j_0_161,38876,34,spanish,0,valletta
16704,avatar_d35_step7j_0_162,38877,35,estonian,0,paris
16860,avatar_d36_step7j_0_163,38878,36,estonian,0,copenhagen
16995,avatar_d35_step7j_0_164,38879,35,estonian,0,madrid
17103,avatar_d34_step7j_0_165,38880,34,estonian,0,rome
17225,avatar_d35_step7j_0_166,38881,35,estonian,0,sofia
17278,avatar_d34_step7j_0_167,38882,34,estonian,0,vilnius
17364,avatar_d37_step7j_0_168,38883,37,estonian,0,vienna
17462,avatar_d35_step7j_0_169,38884,35,estonian,0,amsterdam
17587,avatar_d36_step7j_0_170,38885,36,estonian,0,valletta
17632,avatar_d37_step7j_0_171,38886,37,lithuanian,0,paris
17788,avatar_d34_step7j_0_172,38887,34,lithuanian,0,copenhagen
17923,avatar_d38_step7j_0_173,38888,38,lithuanian,0,madrid
18031,avatar_d36_step7j_0_174,38889,36,lithuanian,0,rome
18153,avatar_d36_step7j_0_175,38890,36,lithuanian,0,sofia
18206,avatar_d38_step7j_0_176,38891,38,lithuanian,0,vilnius
18292,avatar_d34_step7j_0_177,38892,34,lithuanian,0,vienna
18390,avatar_d34_step7j_0_178,38893,34,lithuanian,0,amsterdam
18515,avatar_d38_step7j_0_179,38894,38,lithuanian,0,valletta
18560,avatar_d34_step7j_0_180,38895,34,cypriot,0,paris
18716,avatar_d36_step7j_0_181,38896,36,cypriot,0,copenhagen
18851,avatar_d36_step7j_0_182,38897,36,cypriot,0,madrid
18959,avatar_d38_step7j_0_183,38898,38,cypriot,0,rome
19081,avatar_d34_step7j_0_184,38899,34,cypriot,0,sofia
19134,avatar_d34_step7j_0_185,38900,34,cypriot,0,vilnius
19220,avatar_d35_step7j_0_186,38901,35,cypriot,0,vienna
19318,avatar_d35_step7j_0_187,38902,35,cypriot,0,amsterdam
19443,avatar_d35_step7j_0_188,38903,35,cypriot,0,valletta
19488,avatar_d38_step7j_0_189,38904,38,latvian,0,paris
19644,avatar_d34_step7j_0_190,38905,34,latvian,0,copenhagen
19779,avatar_d34_step7j_0_191,38906,34,latvian,0,madrid
19887,avatar_d38_step7j_0_192,38907,38,latvian,0,rome
20009,avatar_d34_step7j_0_193,38908,34,latvian,0,sofia
20062,avatar_d36_step7j_0_194,38909,36,latvian,0,vilnius
20148,avatar_d37_step7j_0_195,38910,37,latvian,0,vienna
20246,avatar_d35_step7j_0_196,38911,35,latvian,0,amsterdam
20371,avatar_d36_step7j_0_197,38912,36,latvian,0,valletta
20416,avatar_d38_step7j_0_198,38913,38,irish,0,paris
20572,avatar_d37_step7j_0_199,38914,37,irish,0,copenhagen
20707,avatar_d35_step7j_0_200,38915,35,irish,0,madrid
20815,avatar_d38_step7j_0_201,38916,38,irish,0,rome
20937,avatar_d38_step7j_0_202,38917,38,irish,0,sofia
20990,avatar_d37_step7j_0_203,38918,37,irish,0,vilnius
21076,avatar_d37_step7j_0_204,38919,37,irish,0,vienna
21174,avatar_d36_step7j_0_205,38920,36,irish,0,amsterdam
21299,avatar_d37_step7j_0_206,38921,37,irish,0,valletta
21344,avatar_d37_step7j_0_207,38922,37,italian,0,paris
21500,avatar_d35_step7j_0_208,38923,35,italian,0,copenhagen
21635,avatar_d35_step7j_0_209,38924,35,italian,0,madrid
21743,avatar_d36_step7j_0_210,38925,36,italian,0,rome
21865,avatar_d37_step7j_0_211,38926,37,italian,0,sofia
21918,avatar_d38_step7j_0_212,38927,38,italian,0,vilnius
22004,avatar_d38_step7j_0_213,38928,38,italian,0,vienna
22102,avatar_d37_step7j_0_214,38929,37,italian,0,amsterdam
22227,avatar_d34_step7j_0_215,38930,34,italian,0,valletta
22272,avatar_d38_step7j_0_216,38931,38,slovene,0,paris
22428,avatar_d35_step7j_0_217,38932,35,slovene,0,copenhagen
22563,avatar_d38_step7j_0_218,38933,38,slovene,0,madrid
22671,avatar_d35_step7j_0_219,38934,35,slovene,0,rome
22793,avatar_d34_step7j_0_220,38935,34,slovene,0,sofia
22846,avatar_d34_step7j_0_221,38936,34,slovene,0,vilnius
22932,avatar_d37_step7j_0_222,38937,37,slovene,0,vienna
23030,avatar_d34_step7j_0_223,38938,34,slovene,0,amsterdam
23155,avatar_d36_step7j_0_224,38939,36,slovene,0,valletta
23200,avatar_d36_step7j_0_225,38940,36,czech,0,paris
23356,avatar_d36_step7j_0_226,38941,36,czech,0,copenhagen
23491,avatar_d35_step7j_0_227,38942,35,czech,0,madrid
23599,avatar_d35_step7j_0_228,38943,35,czech,0,rome
23721,avatar_d37_step7j_0_229,38944,37,czech,0,sofia
23774,avatar_d37_step7j_0_230,38945,37,czech,0,vilnius
23860,avatar_d34_step7j_0_231,38946,34,czech,0,vienna
23958,avatar_d34_step7j_0_232,38947,34,czech,0,amsterdam
24083,avatar_d36_step7j_0_233,38948,36,czech,0,valletta
24128,avatar_d37_step7j_0_234,38949,37,portuguese,0,paris
24284,avatar_d34_step7j_0_235,38950,34,portuguese,0,copenhagen
24419,avatar_d35_step7j_0_236,38951,35,portuguese,0,madrid
24527,avatar_d35_step7j_0_237,38952,35,portuguese,0,rome
24649,avatar_d35_step7j_0_238,38953,35,portuguese,0,sofia
24702,avatar_d34_step7j_0_239,38954,34,portuguese,0,vilnius
24788,avatar_d36_step7j_0_240,38955,36,portuguese,0,vienna
24886,avatar_d36_step7j_0_241,38956,36,portuguese,0,amsterdam
25011,avatar_d38_step7j_0_242,38957,38,portuguese,0,valletta
25056,avatar_d15_step3j_0_243,38958,15,romanian,0,paris
25212,avatar_d16_step3j_0_244,38959,16,romanian,0,copenhagen
25352,avatar_d17_step3j_0_245,38960,17,romanian,0,madrid
25457,avatar_d18_step3j_0_246,38961,18,romanian,0,rome
25578,avatar_d18_step3j_0_247,38962,18,romanian,0,sofia
25629,avatar_d16_step3j_0_248,38963,16,romanian,0,vilnius
25716,avatar_d16_step3j_0_249,38964,16,romanian,0,vienna
25814,avatar_d16_step3j_0_250,38965,16,romanian,0,amsterdam
25938,avatar_d18_step3j_0_251,38966,18,romanian,0,valletta
25984,avatar_d14_step3j_0_252,38967,14,swedish,0,paris
26149,avatar_d17_step3j_0_253,38968,17,swedish,0,copenhagen
26289,avatar_d14_step3j_0_254,38969,14,swedish,0,madrid
26405,avatar_d16_step3j_0_255,38970,16,swedish,0,rome
26526,avatar_d16_step3j_0_256,38971,16,swedish,0,sofia
26577,avatar_d14_step3j_0_257,38972,14,swedish,0,vilnius
26670,avatar_d17_step3j_0_258,38973,17,swedish,0,vienna
26768,avatar_d16_step3j_0_259,38974,16,swedish,0,amsterdam
26892,avatar_d15_step3j_0_260,38975,15,swedish,0,valletta
26938,avatar_d17_step3j_0_261,38976,17,maltese,0,paris
27094,avatar_d17_step3j_0_262,38977,17,maltese,0,copenhagen
27234,avatar_d14_step3j_0_263,38978,14,maltese,0,madrid
27350,avatar_d16_step3j_0_264,38979,16,maltese,0,rome
27471,avatar_d16_step3j_0_265,38980,16,maltese,0,sofia
27522,avatar_d18_step3j_0_266,38981,18,maltese,0,vilnius
27609,avatar_d14_step3j_0_267,38982,14,maltese,0,vienna
27715,avatar_d14_step3j_0_268,38983,14,maltese,0,amsterdam
27848,avatar_d18_step3j_0_269,38984,18,maltese,0,valletta
27894,avatar_d18_step3j_0_270,38985,18,belgian,0,paris
28050,avatar_d18_step3j_0_271,38986,18,belgian,0,copenhagen
28190,avatar_d16_step3j_0_272,38987,16,belgian,0,madrid
28295,avatar_d18_step3j_0_273,38988,18,belgian,0,rome
28416,avatar_d14_step3j_0_274,38989,14,belgian,0,sofia
28471,avatar_d15_step3j_0_275,38990,15,belgian,0,vilnius
28558,avatar_d17_step3j_0_276,38991,17,belgian,0,vienna
28656,avatar_d14_step3j_0_277,38992,14,belgian,0,amsterdam
28789,avatar_d18_step3j_0_278,38993,18,belgian,0,valletta
28835,avatar_d17_step3j_0_279,38994,17,luxembourgish,0,paris
28991,avatar_d17_step3j_0_280,38995,17,luxembourgish,0,copenhagen
29131,avatar_d18_step3j_0_281,38996,18,luxembourgish,0,madrid
29236,avatar_d15_step3j_0_282,38997,15,luxembourgish,0,rome
29357,avatar_d18_step3j_0_283,38998,18,luxembourgish,0,sofia
29408,avatar_d14_step3j_0_284,38999,14,luxembourgish,0,vilnius
29501,avatar_d15_step3j_0_285,39000,15,luxembourgish,0,vienna
29599,avatar_d16_step3j_0_286,39001,16,luxembourgish,0,amsterdam
29723,avatar_d18_step3j_0_287,39002,18,luxembourgish,0,valletta
29769,avatar_d15_step3j_0_288,39003,15,dutch,0,paris
29925,avatar_d18_step3j_0_289,39004,18,dutch,0,copenhagen
30065,avatar_d18_step3j_0_290,39005,18,dutch,0,madrid
30170,avatar_d14_step3j_0_291,39006,14,dutch,0,rome
30298,avatar_d18_step3j_0_292,39007,18,dutch,0,sofia
30349,avatar_d15_step3j_0_293,39008,15,dutch,0,vilnius
30436,avatar_d14_step3j_0_294,39009,14,dutch,0,vienna
30542,avatar_d18_step3j_0_295,39010,18,dutch,0,amsterdam
30666,avatar_d14_step3j_0_296,39011,14,dutch,0,valletta
30714,avatar_d18_step3j_0_297,39012,18,french,0,paris
30870,avatar_d18_step3j_0_298,39013,18,french,0,copenhagen
31010,avatar_d17_step3j_0_299,39014,17,french,0,madrid
31115,avatar_d16_step3j_0_300,39015,16,french,0,rome
31236,avatar_d18_step3j_0_301,39016,18,french,0,sofia
31287,avatar_d17_step3j_0_302,39017,17,french,0,vilnius
31374,avatar_d14_step3j_0_303,39018,14,french,0,vienna
31480,avatar_d15_step3j_0_304,39019,15,french,0,amsterdam
31604,avatar_d17_step3j_0_305,39020,17,french,0,valletta
31650,avatar_d14_step3j_0_306,39021,14,finnish,0,paris
31815,avatar_d14_step3j_0_307,39022,14,finnish,0,copenhagen
31959,avatar_d18_step3j_0_308,39023,18,finnish,0,madrid
32064,avatar_d15_step3j_0_309,39024,15,finnish,0,rome
32185,avatar_d16_step3j_0_310,39025,16,finnish,0,sofia
32236,avatar_d18_step3j_0_311,39026,18,finnish,0,vilnius
32323,avatar_d18_step3j_0_312,39027,18,finnish,0,vienna
32421,avatar_d17_step3j_0_313,39028,17,finnish,0,amsterdam
32545,avatar_d14_step3j_0_314,39029,14,finnish,0,valletta
32593,avatar_d16_step3j_0_315,39030,16,austrian,0,paris
32749,avatar_d15_step3j_0_316,39031,15,austrian,0,copenhagen
32889,avatar_d15_step3j_0_317,39032,15,austrian,0,madrid
32994,avatar_d15_step3j_0_318,39033,15,austrian,0,rome
33115,avatar_d14_step3j_0_319,39034,14,austrian,0,sofia
33170,avatar_d17_step3j_0_320,39035,17,austrian,0,vilnius
33257,avatar_d16_step3j_0_321,39036,16,austrian,0,vienna
33355,avatar_d16_step3j_0_322,39037,16,austrian,0,amsterdam
33479,avatar_d18_step3j_0_323,39038,18,austrian,0,valletta
33525,avatar_d16_step3j_0_324,39039,16,slovakian,0,paris
33681,avatar_d18_step3j_0_325,39040,18,slovakian,0,copenhagen
33821,avatar_d14_step3j_0_326,39041,14,slovakian,0,madrid
33937,avatar_d17_step3j_0_327,39042,17,slovakian,0,rome
34058,avatar_d16_step3j_0_328,39043,16,slovakian,0,sofia
34109,avatar_d17_step3j_0_329,39044,17,slovakian,0,vilnius
34196,avatar_d18_step3j_0_330,39045,18,slovakian,0,vienna
34294,avatar_d17_step3j_0_331,39046,17,slovakian,0,amsterdam
34418,avatar_d18_step3j_0_332,39047,18,slovakian,0,valletta
34464,avatar_d16_step3j_0_333,39048,16,hungarian,0,paris
34620,avatar_d15_step3j_0_334,39049,15,hungarian,0,copenhagen
34760,avatar_d18_step3j_0_335,39050,18,hungarian,0,madrid
34865,avatar_d17_step3j_0_336,39051,17,hungarian,0,rome
34986,avatar_d14_step3j_0_337,39052,14,hungarian,0,sofia
35041,avatar_d17_step3j_0_338,39053,17,hungarian,0,vilnius
35128,avatar_d14_step3j_0_339,39054,14,hungarian,0,vienna
35234,avatar_d18_step3j_0_340,39055,18,hungarian,0,amsterdam
35358,avatar_d14_step3j_0_341,39056,14,hungarian,0,valletta
35406,avatar_d17_step3j_0_342,39057,17,bulgarian,0,paris
35562,avatar_d14_step3j_0_343,39058,14,bulgarian,0,copenhagen
35706,avatar_d16_step3j_0_344,39059,16,bulgarian,0,madrid
35811,avatar_d17_step3j_0_345,39060,17,bulgarian,0,rome
35932,avatar_d16_step3j_0_346,39061,16,bulgarian,0,sofia
35983,avatar_d17_step3j_0_347,39062,17,bulgarian,0,vilnius
36070,avatar_d18_step3j_0_348,39063,18,bulgarian,0,vienna
36168,avatar_d17_step3j_0_349,39064,17,bulgarian,0,amsterdam
36292,avatar_d17_step3j_0_350,39065,17,bulgarian,0,valletta
36338,avatar_d15_step3j_0_351,39066,15,danish,0,paris
36494,avatar_d15_step3j_0_352,39067,15,danish,0,copenhagen
36634,avatar_d17_step3j_0_353,39068,17,danish,0,madrid
36739,avatar_d18_step3j_0_354,39069,18,danish,0,rome
36860,avatar_d16_step3j_0_355,39070,16,danish,0,sofia
36911,avatar_d15_step3j_0_356,39071,15,danish,0,vilnius
36998,avatar_d17_step3j_0_357,39072,17,danish,0,vienna
37096,avatar_d14_step3j_0_358,39073,14,danish,0,amsterdam
37229,avatar_d14_step3j_0_359,39074,14,danish,0,valletta
37277,avatar_d18_step3j_0_360,39075,18,greek,0,paris
37433,avatar_d14_step3j_0_361,39076,14,greek,0,copenhagen
37577,avatar_d17_step3j_0_362,39077,17,greek,0,madrid
37682,avatar_d18_step3j_0_363,39078,18,greek,0,rome
37803,avatar_d16_step3j_0_364,39079,16,greek,0,sofia
37854,avatar_d18_step3j_0_365,39080,18,greek,0,vilnius
37941,avatar_d14_step3j_0_366,39081,14,greek,0,vienna
38047,avatar_d17_step3j_0_367,39082,17,greek,0,amsterdam
38171,avatar_d16_step3j_0_368,39083,16,greek,0,valletta
38217,avatar_d16_step3j_0_369,39084,16,croatian,0,paris
38373,avatar_d15_step3j_0_370,39085,15,croatian,0,copenhagen
38513,avatar_d16_step3j_0_371,39086,16,croatian,0,madrid
38618,avatar_d16_step3j_0_372,39087,16,croatian,0,rome
38739,avatar_d15_step3j_0_373,39088,15,croatian,0,sofia
38790,avatar_d15_step3j_0_374,39089,15,croatian,0,vilnius
38877,avatar_d15_step3j_0_375,39090,15,croatian,0,vienna
38975,avatar_d16_step3j_0_376,39091,16,croatian,0,amsterdam
39099,avatar_d17_step3j_0_377,39092,17,croatian,0,valletta
39145,avatar_d14_step3j_0_378,39093,14,polish,0,paris
39310,avatar_d16_step3j_0_379,39094,16,polish,0,copenhagen
39450,avatar_d16_step3j_0_380,39095,16,polish,0,madrid
39555,avatar_d14_step3j_0_381,39096,14,polish,0,rome
39683,avatar_d15_step3j_0_382,39097,15,polish,0,sofia
39734,avatar_d16_step3j_0_383,39098,16,polish,0,vilnius
39821,avatar_d18_step3j_0_384,39099,18,polish,0,vienna
39919,avatar_d17_step3j_0_385,39100,17,polish,0,amsterdam
40043,avatar_d16_step3j_0_386,39101,16,polish,0,valletta
40089,avatar_d16_step3j_0_387,39102,16,german,0,paris
40245,avatar_d18_step3j_0_388,39103,18,german,0,copenhagen
40385,avatar_d16_step3j_0_389,39104,16,german,0,madrid
40490,avatar_d16_step3j_0_390,39105,16,german,0,rome
40611,avatar_d17_step3j_0_391,39106,17,german,0,sofia
40662,avatar_d16_step3j_0_392,39107,16,german,0,vilnius
40749,avatar_d18_step3j_0_393,39108,18,german,0,vienna
40847,avatar_d14_step3j_0_394,39109,14,german,0,amsterdam
40980,avatar_d14_step3j_0_395,39110,14,german,0,valletta
41028,avatar_d17_step3j_0_396,39111,17,spanish,0,paris
41184,avatar_d18_step3j_0_397,39112,18,spanish,0,copenhagen
41324,avatar_d17_step3j_0_398,39113,17,spanish,0,madrid
41429,avatar_d18_step3j_0_399,39114,18,spanish,0,rome
41550,avatar_d18_step3j_0_400,39115,18,spanish,0,sofia
41601,avatar_d15_step3j_0_401,39116,15,spanish,0,vilnius
41688,avatar_d18_step3j_0_402,39117,18,spanish,0,vienna
41786,avatar_d18_step3j_0_403,39118,18,spanish,0,amsterdam
41910,avatar_d14_step3j_0_404,39119,14,spanish,0,valletta
41958,avatar_d18_step3j_0_405,39120,18,estonian,0,paris
42114,avatar_d18_step3j_0_406,39121,18,estonian,0,copenhagen
42254,avatar_d16_step3j_0_407,39122,16,estonian,0,madrid
42359,avatar_d14_step3j_0_408,39123,14,estonian,0,rome
42487,avatar_d14_step3j_0_409,39124,14,estonian,0,sofia
42542,avatar_d16_step3j_0_410,39125,16,estonian,0,vilnius
42629,avatar_d18_step3j_0_411,39126,18,estonian,0,vienna
42727,avatar_d14_step3j_0_412,39127,14,estonian,0,amsterdam
42860,avatar_d15_step3j_0_413,39128,15,estonian,0,valletta
42906,avatar_d18_step3j_0_414,39129,18,lithuanian,0,paris
43062,avatar_d18_step3j_0_415,39130,18,lithuanian,0,copenhagen
43202,avatar_d17_step3j_0_416,39131,17,lithuanian,0,madrid
43307,avatar_d15_step3j_0_417,39132,15,lithuanian,0,rome
43428,avatar_d16_step3j_0_418,39133,16,lithuanian,0,sofia
43479,avatar_d14_step3j_0_419,39134,14,lithuanian,0,vilnius
43572,avatar_d15_step3j_0_420,39135,15,lithuanian,0,vienna
43670,avatar_d18_step3j_0_421,39136,18,lithuanian,0,amsterdam
43794,avatar_d14_step3j_0_422,39137,14,lithuanian,0,valletta
43842,avatar_d16_step3j_0_423,39138,16,cypriot,0,paris
43998,avatar_d14_step3j_0_424,39139,14,cypriot,0,copenhagen
44142,avatar_d17_step3j_0_425,39140,17,cypriot,0,madrid
44247,avatar_d15_step3j_0_426,39141,15,cypriot,0,rome
44368,avatar_d17_step3j_0_427,39142,17,cypriot,0,sofia
44419,avatar_d14_step3j_0_428,39143,14,cypriot,0,vilnius
44512,avatar_d14_step3j_0_429,39144,14,cypriot,0,vienna
44618,avatar_d14_step3j_0_430,39145,14,cypriot,0,amsterdam
44751,avatar_d14_step3j_0_431,39146,14,cypriot,0,valletta
44799,avatar_d18_step3j_0_432,39147,18,latvian,0,paris
44955,avatar_d15_step3j_0_433,39148,15,latvian,0,copenhagen
45095,avatar_d18_step3j_0_434,39149,18,latvian,0,madrid
45200,avatar_d18_step3j_0_435,39150,18,latvian,0,rome
45321,avatar_d18_step3j_0_436,39151,18,latvian,0,sofia
45372,avatar_d16_step3j_0_437,39152,16,latvian,0,vilnius
45459,avatar_d17_step3j_0_438,39153,17,latvian,0,vienna
45557,avatar_d17_step3j_0_439,39154,17,latvian,0,amsterdam
45681,avatar_d18_step3j_0_440,39155,18,latvian,0,valletta
45727,avatar_d15_step3j_0_441,39156,15,irish,0,paris
45883,avatar_d16_step3j_0_442,39157,16,irish,0,copenhagen
46023,avatar_d14_step3j_0_443,39158,14,irish,0,madrid
46139,avatar_d16_step3j_0_444,39159,16,irish,0,rome
46260,avatar_d15_step3j_0_445,39160,15,irish,0,sofia
46311,avatar_d14_step3j_0_446,39161,14,irish,0,vilnius
46404,avatar_d16_step3j_0_447,39162,16,irish,0,vienna
46502,avatar_d16_step3j_0_448,39163,16,irish,0,amsterdam
46626,avatar_d16_step3j_0_449,39164,16,irish,0,valletta
46672,avatar_d14_step3j_0_450,39165,14,italian,0,paris
46837,avatar_d16_step3j_0_451,39166,16,italian,0,copenhagen
46977,avatar_d17_step3j_0_452,39167,17,italian,0,madrid
47082,avatar_d18_step3j_0_453,39168,18,italian,0,rome
47203,avatar_d14_step3j_0_454,39169,14,italian,0,sofia
47258,avatar_d15_step3j_0_455,39170,15,italian,0,vilnius
47345,avatar_d18_step3j_0_456,39171,18,italian,0,vienna
47443,avatar_d15_step3j_0_457,39172,15,italian,0,amsterdam
47567,avatar_d17_step3j_0_458,39173,17,italian,0,valletta
47613,avatar_d18_step3j_0_459,39174,18,slovene,0,paris
47769,avatar_d16_step3j_0_460,39175,16,slovene,0,copenhagen
47909,avatar_d14_step3j_0_461,39176,14,slovene,0,madrid
48025,avatar_d18_step3j_0_462,39177,18,slovene,0,rome
48146,avatar_d18_step3j_0_463,39178,18,slovene,0,sofia
48197,avatar_d14_step3j_0_464,39179,14,slovene,0,vilnius
48290,avatar_d14_step3j_0_465,39180,14,slovene,0,vienna
48396,avatar_d16_step3j_0_466,39181,16,slovene,0,amsterdam
48520,avatar_d14_step3j_0_467,39182,14,slovene,0,valletta
48568,avatar_d14_step3j_0_468,39183,14,czech,0,paris
48733,avatar_d15_step3j_0_469,39184,15,czech,0,copenhagen
48873,avatar_d16_step3j_0_470,39185,16,czech,0,madrid
48978,avatar_d14_step3j_0_471,39186,14,czech,0,rome
49106,avatar_d18_step3j_0_472,39187,18,czech,0,sofia
49157,avatar_d14_step3j_0_473,39188,14,czech,0,vilnius
49250,avatar_d16_step3j_0_474,39189,16,czech,0,vienna
49348,avatar_d15_step3j_0_475,39190,15,czech,0,amsterdam
49472,avatar_d15_step3j_0_476,39191,15,czech,0,valletta
49518,avatar_d17_step3j_0_477,39192,17,portuguese,0,paris
49674,avatar_d16_step3j_0_478,39193,16,portuguese,0,copenhagen
49814,avatar_d17_step3j_0_479,39194,17,portuguese,0,madrid
49919,avatar_d16_step3j_0_480,39195,16,portuguese,0,rome
50040,avatar_d16_step3j_0_481,39196,16,portuguese,0,sofia
50091,avatar_d18_step3j_0_482,39197,18,portuguese,0,vilnius
50178,avatar_d14_step3j_0_483,39198,14,portuguese,0,vienna
50284,avatar_d18_step3j_0_484,39199,18,portuguese,0,amsterdam
50408,avatar_d17_step3j_0_485,39200,17,portuguese,0,valletta
50454,avatar_d36_step7j_1_486,39201,36,romanian,1,paris
50610,avatar_d35_step7j_1_487,39202,35,romanian,1,copenhagen
50745,avatar_d37_step7j_1_488,39203,37,romanian,1,madrid
50853,avatar_d36_step7j_1_489,39204,36,romanian,1,rome
50975,avatar_d37_step7j_1_490,39205,37,romanian,1,sofia
51028,avatar_d37_step7j_1_491,39206,37,romanian,1,vilnius
51114,avatar_d38_step7j_1_492,39207,38,romanian,1,vienna
51212,avatar_d35_step7j_1_493,39208,35,romanian,1,amsterdam
51337,avatar_d35_step7j_1_494,39209,35,romanian,1,valletta
51382,avatar_d35_step7j_1_495,39210,35,swedish,1,paris
51538,avatar_d35_step7j_1_496,39211,35,swedish,1,copenhagen
51673,avatar_d37_step7j_1_497,39212,37,swedish,1,madrid
51781,avatar_d38_step7j_1_498,39213,38,swedish,1,rome
51903,avatar_d35_step7j_1_499,39214,35,swedish,1,sofia
51956,avatar_d35_step7j_1_500,39215,35,swedish,1,vilnius
52042,avatar_d34_step7j_1_501,39216,34,swedish,1,vienna
52140,avatar_d37_step7j_1_502,39217,37,swedish,1,amsterdam
52265,avatar_d38_step7j_1_503,39218,38,swedish,1,valletta
52310,avatar_d35_step7j_1_504,39219,35,maltese,1,paris
52466,avatar_d35_step7j_1_505,39220,35,maltese,1,copenhagen
52601,avatar_d38_step7j_1_506,39221,38,maltese,1,madrid
52709,avatar_d38_step7j_1_507,39222,38,maltese,1,rome
52831,avatar_d34_step7j_1_508,39223,34,maltese,1,sofia
52884,avatar_d34_step7j_1_509,39224,34,maltese,1,vilnius
52970,avatar_d36_step7j_1_510,39225,36,maltese,1,vienna
53068,avatar_d34_step7j_1_511,39226,34,maltese,1,amsterdam
53193,avatar_d38_step7j_1_512,39227,38,maltese,1,valletta
53238,avatar_d34_step7j_1_513,39228,34,belgian,1,paris
53394,avatar_d38_step7j_1_514,39229,38,belgian,1,copenhagen
53529,avatar_d37_step7j_1_515,39230,37,belgian,1,madrid
53637,avatar_d34_step7j_1_516,39231,34,belgian,1,rome
53759,avatar_d35_step7j_1_517,39232,35,belgian,1,sofia
53812,avatar_d38_step7j_1_518,39233,38,belgian,1,vilnius
53898,avatar_d38_step7j_1_519,39234,38,belgian,1,vienna
53996,avatar_d36_step7j_1_520,39235,36,belgian,1,amsterdam
54121,avatar_d37_step7j_1_521,39236,37,belgian,1,valletta
54166,avatar_d35_step7j_1_522,39237,35,luxembourgish,1,paris
54322,avatar_d34_step7j_1_523,39238,34,luxembourgish,1,copenhagen
54457,avatar_d38_step7j_1_524,39239,38,luxembourgish,1,madrid
54565,avatar_d38_step7j_1_525,39240,38,luxembourgish,1,rome
54687,avatar_d38_step7j_1_526,39241,38,luxembourgish,1,sofia
54740,avatar_d37_step7j_1_527,39242,37,luxembourgish,1,vilnius
54826,avatar_d37_step7j_1_528,39243,37,luxembourgish,1,vienna
54924,avatar_d37_step7j_1_529,39244,37,luxembourgish,1,amsterdam
55049,avatar_d38_step7j_1_530,39245,38,luxembourgish,1,valletta
55094,avatar_d38_step7j_1_531,39246,38,dutch,1,paris
55250,avatar_d36_step7j_1_532,39247,36,dutch,1,copenhagen
55385,avatar_d38_step7j_1_533,39248,38,dutch,1,madrid
55493,avatar_d36_step7j_1_534,39249,36,dutch,1,rome
55615,avatar_d37_step7j_1_535,39250,37,dutch,1,sofia
55668,avatar_d37_step7j_1_536,39251,37,dutch,1,vilnius
55754,avatar_d36_step7j_1_537,39252,36,dutch,1,vienna
55852,avatar_d36_step7j_1_538,39253,36,dutch,1,amsterdam
55977,avatar_d34_step7j_1_539,39254,34,dutch,1,valletta
56022,avatar_d35_step7j_1_540,39255,35,french,1,paris
56178,avatar_d38_step7j_1_541,39256,38,french,1,copenhagen
56313,avatar_d34_step7j_1_542,39257,34,french,1,madrid
56421,avatar_d34_step7j_1_543,39258,34,french,1,rome
56543,avatar_d36_step7j_1_544,39259,36,french,1,sofia
56596,avatar_d34_step7j_1_545,39260,34,french,1,vilnius
56682,avatar_d38_step7j_1_546,39261,38,french,1,vienna
56780,avatar_d35_step7j_1_547,39262,35,french,1,amsterdam
56905,avatar_d38_step7j_1_548,39263,38,french,1,valletta
56950,avatar_d38_step7j_1_549,39264,38,finnish,1,paris
57106,avatar_d34_step7j_1_550,39265,34,finnish,1,copenhagen
57241,avatar_d38_step7j_1_551,39266,38,finnish,1,madrid
57349,avatar_d35_step7j_1_552,39267,35,finnish,1,rome
57471,avatar_d37_step7j_1_553,39268,37,finnish,1,sofia
57524,avatar_d38_step7j_1_554,39269,38,finnish,1,vilnius
57610,avatar_d38_step7j_1_555,39270,38,finnish,1,vienna
57708,avatar_d37_step7j_1_556,39271,37,finnish,1,amsterdam
57833,avatar_d38_step7j_1_557,39272,38,finnish,1,valletta
57878,avatar_d36_step7j_1_558,39273,36,austrian,1,paris
58034,avatar_d37_step7j_1_559,39274,37,austrian,1,copenhagen
58169,avatar_d35_step7j_1_560,39275,35,austrian,1,madrid
58277,avatar_d38_step7j_1_561,39276,38,austrian,1,rome
58399,avatar_d38_step7j_1_562,39277,38,austrian,1,sofia
58452,avatar_d38_step7j_1_563,39278,38,austrian,1,vilnius
58538,avatar_d37_step7j_1_564,39279,37,austrian,1,vienna
58636,avatar_d35_step7j_1_565,39280,35,austrian,1,amsterdam
58761,avatar_d36_step7j_1_566,39281,36,austrian,1,valletta
58806,avatar_d37_step7j_1_567,39282,37,slovakian,1,paris
58962,avatar_d37_step7j_1_568,39283,37,slovakian,1,copenhagen
59097,avatar_d37_step7j_1_569,39284,37,slovakian,1,madrid
59205,avatar_d35_step7j_1_570,39285,35,slovakian,1,rome
59327,avatar_d36_step7j_1_571,39286,36,slovakian,1,sofia
59380,avatar_d34_step7j_1_572,39287,34,slovakian,1,vilnius
59466,avatar_d34_step7j_1_573,39288,34,slovakian,1,vienna
59564,avatar_d38_step7j_1_574,39289,38,slovakian,1,amsterdam
59689,avatar_d36_step7j_1_575,39290,36,slovakian,1,valletta
59734,avatar_d34_step7j_1_576,39291,34,hungarian,1,paris
59890,avatar_d36_step7j_1_577,39292,36,hungarian,1,copenhagen
60025,avatar_d36_step7j_1_578,39293,36,hungarian,1,madrid
60133,avatar_d34_step7j_1_579,39294,34,hungarian,1,rome
60255,avatar_d34_step7j_1_580,39295,34,hungarian,1,sofia
60308,avatar_d37_step7j_1_581,39296,37,hungarian,1,vilnius
60394,avatar_d36_step7j_1_582,39297,36,hungarian,1,vienna
60492,avatar_d35_step7j_1_583,39298,35,hungarian,1,amsterdam
60617,avatar_d36_step7j_1_584,39299,36,hungarian,1,valletta
60662,avatar_d35_step7j_1_585,39300,35,bulgarian,1,paris
60818,avatar_d37_step7j_1_586,39301,37,bulgarian,1,copenhagen
60953,avatar_d37_step7j_1_587,39302,37,bulgarian,1,madrid
61061,avatar_d36_step7j_1_588,39303,36,bulgarian,1,rome
61183,avatar_d37_step7j_1_589,39304,37,bulgarian,1,sofia
61236,avatar_d35_step7j_1_590,39305,35,bulgarian,1,vilnius
61322,avatar_d38_step7j_1_591,39306,38,bulgarian,1,vienna
61420,avatar_d37_step7j_1_592,39307,37,bulgarian,1,amsterdam
61545,avatar_d35_step7j_1_593,39308,35,bulgarian,1,valletta
61590,avatar_d36_step7j_1_594,39309,36,danish,1,paris
61746,avatar_d36_step7j_1_595,39310,36,danish,1,copenhagen
61881,avatar_d34_step7j_1_596,39311,34,danish,1,madrid
61989,avatar_d38_step7j_1_597,39312,38,danish,1,rome
62111,avatar_d38_step7j_1_598,39313,38,danish,1,sofia
62164,avatar_d38_step7j_1_599,39314,38,danish,1,vilnius
62250,avatar_d36_step7j_1_600,39315,36,danish,1,vienna
62348,avatar_d37_step7j_1_601,39316,37,danish,1,amsterdam
62473,avatar_d37_step7j_1_602,39317,37,danish,1,valletta
62518,avatar_d34_step7j_1_603,39318,34,greek,1,paris
62674,avatar_d35_step7j_1_604,39319,35,greek,1,copenhagen
62809,avatar_d35_step7j_1_605,39320,35,greek,1,madrid
62917,avatar_d37_step7j_1_606,39321,37,greek,1,rome
63039,avatar_d34_step7j_1_607,39322,34,greek,1,sofia
63092,avatar_d35_step7j_1_608,39323,35,greek,1,vilnius
63178,avatar_d38_step7j_1_609,39324,38,greek,1,vienna
63276,avatar_d36_step7j_1_610,39325,36,greek,1,amsterdam
63401,avatar_d38_step7j_1_611,39326,38,greek,1,valletta
63446,avatar_d35_step7j_1_612,39327,35,croatian,1,paris
63602,avatar_d34_step7j_1_613,39328,34,croatian,1,copenhagen
63737,avatar_d38_step7j_1_614,39329,38,croatian,1,madrid
63845,avatar_d37_step7j_1_615,39330,37,croatian,1,rome
63967,avatar_d34_step7j_1_616,39331,34,croatian,1,sofia
64020,avatar_d35_step7j_1_617,39332,35,croatian,1,vilnius
64106,avatar_d37_step7j_1_618,39333,37,croatian,1,vienna
64204,avatar_d35_step7j_1_619,39334,35,croatian,1,amsterdam
64329,avatar_d34_step7j_1_620,39335,34,croatian,1,valletta
64374,avatar_d34_step7j_1_621,39336,34,polish,1,paris
64530,avatar_d36_step7j_1_622,39337,36,polish,1,copenhagen
64665,avatar_d34_step7j_1_623,39338,34,polish,1,madrid
64773,avatar_d38_step7j_1_624,39339,38,polish,1,rome
64895,avatar_d38_step7j_1_625,39340,38,polish,1,sofia
64948,avatar_d34_step7j_1_626,39341,34,polish,1,vilnius
65034,avatar_d36_step7j_1_627,39342,36,polish,1,vienna
65132,avatar_d36_step7j_1_628,39343,36,polish,1,amsterdam
65257,avatar_d36_step7j_1_629,39344,36,polish,1,valletta
65302,avatar_d37_step7j_1_630,39345,37,german,1,paris
65458,avatar_d37_step7j_1_631,39346,37,german,1,copenhagen
65593,avatar_d36_step7j_1_632,39347,36,german,1,madrid
65701,avatar_d38_step7j_1_633,39348,38,german,1,rome
65823,avatar_d35_step7j_1_634,39349,35,german,1,sofia
65876,avatar_d35_step7j_1_635,39350,35,german,1,vilnius
65962,avatar_d37_step7j_1_636,39351,37,german,1,vienna
66060,avatar_d37_step7j_1_637,39352,37,german,1,amsterdam
66185,avatar_d38_step7j_1_638,39353,38,german,1,valletta
66230,avatar_d34_step7j_1_639,39354,34,spanish,1,paris
66386,avatar_d38_step7j_1_640,39355,38,spanish,1,copenhagen
66521,avatar_d36_step7j_1_641,39356,36,spanish,1,madrid
66629,avatar_d34_step7j_1_642,39357,34,spanish,1,rome
66751,avatar_d36_step7j_1_643,39358,36,spanish,1,sofia
66804,avatar_d35_step7j_1_644,39359,35,spanish,1,vilnius
66890,avatar_d34_step7j_1_645,39360,34,spanish,1,vienna
66988,avatar_d34_step7j_1_646,39361,34,spanish,1,amsterdam
67113,avatar_d38_step7j_1_647,39362,38,spanish,1,valletta
67158,avatar_d35_step7j_1_648,39363,35,estonian,1,paris
67314,avatar_d38_step7j_1_649,39364,38,estonian,1,copenhagen
67449,avatar_d38_step7j_1_650,39365,38,estonian,1,madrid
67557,avatar_d36_step7j_1_651,39366,36,estonian,1,rome
67679,avatar_d35_step7j_1_652,39367,35,estonian,1,sofia
67732,avatar_d36_step7j_1_653,39368,36,estonian,1,vilnius
67818,avatar_d34_step7j_1_654,39369,34,estonian,1,vienna
67916,avatar_d34_step7j_1_655,39370,34,estonian,1,amsterdam
68041,avatar_d37_step7j_1_656,39371,37,estonian,1,valletta
68086,avatar_d38_step7j_1_657,39372,38,lithuanian,1,paris
68242,avatar_d36_step7j_1_658,39373,36,lithuanian,1,copenhagen
68377,avatar_d37_step7j_1_659,39374,37,lithuanian,1,madrid
68485,avatar_d38_step7j_1_660,39375,38,lithuanian,1,rome
68607,avatar_d37_step7j_1_661,39376,37,lithuanian,1,sofia
68660,avatar_d35_step7j_1_662,39377,35,lithuanian,1,vilnius
68746,avatar_d34_step7j_1_663,39378,34,lithuanian,1,vienna
68844,avatar_d35_step7j_1_664,39379,35,lithuanian,1,amsterdam
68969,avatar_d36_step7j_1_665,39380,36,lithuanian,1,valletta
69014,avatar_d37_step7j_1_666,39381,37,cypriot,1,paris
69170,avatar_d36_step7j_1_667,39382,36,cypriot,1,copenhagen
69305,avatar_d37_step7j_1_668,39383,37,cypriot,1,madrid
69413,avatar_d38_step7j_1_669,39384,38,cypriot,1,rome
69535,avatar_d38_step7j_1_670,39385,38,cypriot,1,sofia
69588,avatar_d38_step7j_1_671,39386,38,cypriot,1,vilnius
69674,avatar_d35_step7j_1_672,39387,35,cypriot,1,vienna
69772,avatar_d36_step7j_1_673,39388,36,cypriot,1,amsterdam
69897,avatar_d37_step7j_1_674,39389,37,cypriot,1,valletta
69942,avatar_d36_step7j_1_675,39390,36,latvian,1,paris
70098,avatar_d36_step7j_1_676,39391,36,latvian,1,copenhagen
70233,avatar_d38_step7j_1_677,39392,38,latvian,1,madrid
70341,avatar_d35_step7j_1_678,39393,35,latvian,1,rome
70463,avatar_d35_step7j_1_679,39394,35,latvian,1,sofia
70516,avatar_d35_step7j_1_680,39395,35,latvian,1,vilnius
70602,avatar_d35_step7j_1_681,39396,35,latvian,1,vienna
70700,avatar_d35_step7j_1_682,39397,35,latvian,1,amsterdam
70825,avatar_d35_step7j_1_683,39398,35,latvian,1,valletta
70870,avatar_d37_step7j_1_684,39399,37,irish,1,paris
71026,avatar_d38_step7j_1_685,39400,38,irish,1,copenhagen
71161,avatar_d35_step7j_1_686,39401,35,irish,1,madrid
71269,avatar_d36_step7j_1_687,39402,36,irish,1,rome
71391,avatar_d38_step7j_1_688,39403,38,irish,1,sofia
71444,avatar_d38_step7j_1_689,39404,38,irish,1,vilnius
71530,avatar_d36_step7j_1_690,39405,36,irish,1,vienna
71628,avatar_d37_step7j_1_691,39406,37,irish,1,amsterdam
71753,avatar_d35_step7j_1_692,39407,35,irish,1,valletta
71798,avatar_d35_step7j_1_693,39408,35,italian,1,paris
71954,avatar_d38_step7j_1_694,39409,38,italian,1,copenhagen
72089,avatar_d37_step7j_1_695,39410,37,italian,1,madrid
72197,avatar_d38_step7j_1_696,39411,38,italian,1,rome
72319,avatar_d34_step7j_1_697,39412,34,italian,1,sofia
72372,avatar_d36_step7j_1_698,39413,36,italian,1,vilnius
72458,avatar_d36_step7j_1_699,39414,36,italian,1,vienna
72556,avatar_d35_step7j_1_700,39415,35,italian,1,amsterdam
72681,avatar_d35_step7j_1_701,39416,35,italian,1,valletta
72726,avatar_d35_step7j_1_702,39417,35,slovene,1,paris
72882,avatar_d36_step7j_1_703,39418,36,slovene,1,copenhagen
73017,avatar_d37_step7j_1_704,39419,37,slovene,1,madrid
73125,avatar_d36_step7j_1_705,39420,36,slovene,1,rome
73247,avatar_d36_step7j_1_706,39421,36,slovene,1,sofia
73300,avatar_d38_step7j_1_707,39422,38,slovene,1,vilnius
73386,avatar_d36_step7j_1_708,39423,36,slovene,1,vienna
73484,avatar_d38_step7j_1_709,39424,38,slovene,1,amsterdam
73609,avatar_d36_step7j_1_710,39425,36,slovene,1,valletta
73654,avatar_d35_step7j_1_711,39426,35,czech,1,paris
73810,avatar_d35_step7j_1_712,39427,35,czech,1,copenhagen
73945,avatar_d34_step7j_1_713,39428,34,czech,1,madrid
74053,avatar_d35_step7j_1_714,39429,35,czech,1,rome
74175,avatar_d37_step7j_1_715,39430,37,czech,1,sofia
74228,avatar_d37_step7j_1_716,39431,37,czech,1,vilnius
74314,avatar_d38_step7j_1_717,39432,38,czech,1,vienna
74412,avatar_d36_step7j_1_718,39433,36,czech,1,amsterdam
74537,avatar_d35_step7j_1_719,39434,35,czech,1,valletta
74582,avatar_d37_step7j_1_720,39435,37,portuguese,1,paris
74738,avatar_d35_step7j_1_721,39436,35,portuguese,1,copenhagen
74873,avatar_d35_step7j_1_722,39437,35,portuguese,1,madrid
74981,avatar_d34_step7j_1_723,39438,34,portuguese,1,rome
75103,avatar_d38_step7j_1_724,39439,38,portuguese,1,sofia
75156,avatar_d37_step7j_1_725,39440,37,portuguese,1,vilnius
75242,avatar_d34_step7j_1_726,39441,34,portuguese,1,vienna
75340,avatar_d35_step7j_1_727,39442,35,portuguese,1,amsterdam
75465,avatar_d37_step7j_1_728,39443,37,portuguese,1,valletta
75510,avatar_d17_step3j_1_729,39444,17,romanian,1,paris
75666,avatar_d18_step3j_1_730,39445,18,romanian,1,copenhagen
75806,avatar_d15_step3j_1_731,39446,15,romanian,1,madrid
75911,avatar_d15_step3j_1_732,39447,15,romanian,1,rome
76032,avatar_d17_step3j_1_733,39448,17,romanian,1,sofia
76083,avatar_d14_step3j_1_734,39449,14,romanian,1,vilnius
76176,avatar_d17_step3j_1_735,39450,17,romanian,1,vienna
76274,avatar_d15_step3j_1_736,39451,15,romanian,1,amsterdam
76398,avatar_d17_step3j_1_737,39452,17,romanian,1,valletta
76444,avatar_d15_step3j_1_738,39453,15,swedish,1,paris
76600,avatar_d15_step3j_1_739,39454,15,swedish,1,copenhagen
76740,avatar_d17_step3j_1_740,39455,17,swedish,1,madrid
76845,avatar_d15_step3j_1_741,39456,15,swedish,1,rome
76966,avatar_d18_step3j_1_742,39457,18,swedish,1,sofia
77017,avatar_d15_step3j_1_743,39458,15,swedish,1,vilnius
77104,avatar_d16_step3j_1_744,39459,16,swedish,1,vienna
77202,avatar_d18_step3j_1_745,39460,18,swedish,1,amsterdam
77326,avatar_d16_step3j_1_746,39461,16,swedish,1,valletta
77372,avatar_d14_step3j_1_747,39462,14,maltese,1,paris
77537,avatar_d16_step3j_1_748,39463,16,maltese,1,copenhagen
77677,avatar_d14_step3j_1_749,39464,14,maltese,1,madrid
77793,avatar_d15_step3j_1_750,39465,15,maltese,1,rome
77914,avatar_d14_step3j_1_751,39466,14,maltese,1,sofia
77969,avatar_d18_step3j_1_752,39467,18,maltese,1,vilnius
78056,avatar_d16_step3j_1_753,39468,16,maltese,1,vienna
78154,avatar_d14_step3j_1_754,39469,14,maltese,1,amsterdam
78287,avatar_d15_step3j_1_755,39470,15,maltese,1,valletta
78333,avatar_d17_step3j_1_756,39471,17,belgian,1,paris
78489,avatar_d15_step3j_1_757,39472,15,belgian,1,copenhagen
78629,avatar_d14_step3j_1_758,39473,14,belgian,1,madrid
78745,avatar_d17_step3j_1_759,39474,17,belgian,1,rome
78866,avatar_d18_step3j_1_760,39475,18,belgian,1,sofia
78917,avatar_d15_step3j_1_761,39476,15,belgian,1,vilnius
79004,avatar_d18_step3j_1_762,39477,18,belgian,1,vienna
79102,avatar_d16_step3j_1_763,39478,16,belgian,1,amsterdam
79226,avatar_d17_step3j_1_764,39479,17,belgian,1,valletta
79272,avatar_d14_step3j_1_765,39480,14,luxembourgish,1,paris
79437,avatar_d15_step3j_1_766,39481,15,luxembourgish,1,copenhagen
79577,avatar_d16_step3j_1_767,39482,16,luxembourgish,1,madrid
79682,avatar_d16_step3j_1_768,39483,16,luxembourgish,1,rome
79803,avatar_d15_step3j_1_769,39484,15,luxembourgish,1,sofia
79854,avatar_d16_step3j_1_770,39485,16,luxembourgish,1,vilnius
79941,avatar_d17_step3j_1_771,39486,17,luxembourgish,1,vienna
80039,avatar_d16_step3j_1_772,39487,16,luxembourgish,1,amsterdam
80163,avatar_d18_step3j_1_773,39488,18,luxembourgish,1,valletta
80209,avatar_d16_step3j_1_774,39489,16,dutch,1,paris
80365,avatar_d18_step3j_1_775,39490,18,dutch,1,copenhagen
80505,avatar_d17_step3j_1_776,39491,17,dutch,1,madrid
80610,avatar_d16_step3j_1_777,39492,16,dutch,1,rome
80731,avatar_d18_step3j_1_778,39493,18,dutch,1,sofia
80782,avatar_d15_step3j_1_779,39494,15,dutch,1,vilnius
80869,avatar_d17_step3j_1_780,39495,17,dutch,1,vienna
80967,avatar_d15_step3j_1_781,39496,15,dutch,1,amsterdam
81091,avatar_d18_step3j_1_782,39497,18,dutch,1,valletta
81137,avatar_d15_step3j_1_783,39498,15,french,1,paris
81293,avatar_d15_step3j_1_784,39499,15,french,1,copenhagen
81433,avatar_d14_step3j_1_785,39500,14,french,1,madrid
81549,avatar_d14_step3j_1_786,39501,14,french,1,rome
81677,avatar_d15_step3j_1_787,39502,15,french,1,sofia
81728,avatar_d18_step3j_1_788,39503,18,french,1,vilnius
81815,avatar_d14_step3j_1_789,39504,14,french,1,vienna
81921,avatar_d14_step3j_1_790,39505,14,french,1,amsterdam
82054,avatar_d15_step3j_1_791,39506,15,french,1,valletta
82100,avatar_d15_step3j_1_792,39507,15,finnish,1,paris
82256,avatar_d17_step3j_1_793,39508,17,finnish,1,copenhagen
82396,avatar_d17_step3j_1_794,39509,17,finnish,1,madrid
82501,avatar_d18_step3j_1_795,39510,18,finnish,1,rome
82622,avatar_d15_step3j_1_796,39511,15,finnish,1,sofia
82673,avatar_d16_step3j_1_797,39512,16,finnish,1,vilnius
82760,avatar_d16_step3j_1_798,39513,16,finnish,1,vienna
82858,avatar_d14_step3j_1_799,39514,14,finnish,1,amsterdam
82991,avatar_d17_step3j_1_800,39515,17,finnish,1,valletta
83037,avatar_d16_step3j_1_801,39516,16,austrian,1,paris
83193,avatar_d14_step3j_1_802,39517,14,austrian,1,copenhagen
83337,avatar_d14_step3j_1_803,39518,14,austrian,1,madrid
83453,avatar_d18_step3j_1_804,39519,18,austrian,1,rome
83574,avatar_d15_step3j_1_805,39520,15,austrian,1,sofia
83625,avatar_d15_step3j_1_806,39521,15,austrian,1,vilnius
83712,avatar_d15_step3j_1_807,39522,15,austrian,1,vienna
83810,avatar_d15_step3j_1_808,39523,15,austrian,1,amsterdam
83934,avatar_d16_step3j_1_809,39524,16,austrian,1,valletta
83980,avatar_d15_step3j_1_810,39525,15,slovakian,1,paris
84136,avatar_d17_step3j_1_811,39526,17,slovakian,1,copenhagen
84276,avatar_d14_step3j_1_812,39527,14,slovakian,1,madrid
84392,avatar_d15_step3j_1_813,39528,15,slovakian,1,rome
84513,avatar_d16_step3j_1_814,39529,16,slovakian,1,sofia
84564,avatar_d14_step3j_1_815,39530,14,slovakian,1,vilnius
84657,avatar_d16_step3j_1_816,39531,16,slovakian,1,vienna
84755,avatar_d17_step3j_1_817,39532,17,slovakian,1,amsterdam
84879,avatar_d14_step3j_1_818,39533,14,slovakian,1,valletta
84927,avatar_d18_step3j_1_819,39534,18,hungarian,1,paris
85083,avatar_d17_step3j_1_820,39535,17,hungarian,1,copenhagen
85223,avatar_d17_step3j_1_821,39536,17,hungarian,1,madrid
85328,avatar_d14_step3j_1_822,39537,14,hungarian,1,rome
85456,avatar_d14_step3j_1_823,39538,14,hungarian,1,sofia
85511,avatar_d15_step3j_1_824,39539,15,hungarian,1,vilnius
85598,avatar_d15_step3j_1_825,39540,15,hungarian,1,vienna
85696,avatar_d17_step3j_1_826,39541,17,hungarian,1,amsterdam
85820,avatar_d17_step3j_1_827,39542,17,hungarian,1,valletta
85866,avatar_d14_step3j_1_828,39543,14,bulgarian,1,paris
86031,avatar_d15_step3j_1_829,39544,15,bulgarian,1,copenhagen
86171,avatar_d17_step3j_1_830,39545,17,bulgarian,1,madrid
86276,avatar_d17_step3j_1_831,39546,17,bulgarian,1,rome
86397,avatar_d18_step3j_1_832,39547,18,bulgarian,1,sofia
86448,avatar_d15_step3j_1_833,39548,15,bulgarian,1,vilnius
86535,avatar_d14_step3j_1_834,39549,14,bulgarian,1,vienna
86641,avatar_d18_step3j_1_835,39550,18,bulgarian,1,amsterdam
86765,avatar_d14_step3j_1_836,39551,14,bulgarian,1,valletta
86813,avatar_d15_step3j_1_837,39552,15,danish,1,paris
86969,avatar_d17_step3j_1_838,39553,17,danish,1,copenhagen
87109,avatar_d18_step3j_1_839,39554,18,danish,1,madrid
87214,avatar_d17_step3j_1_840,39555,17,danish,1,rome
87335,avatar_d15_step3j_1_841,39556,15,danish,1,sofia
87386,avatar_d15_step3j_1_842,39557,15,danish,1,vilnius
87473,avatar_d14_step3j_1_843,39558,14,danish,1,vienna
87579,avatar_d18_step3j_1_844,39559,18,danish,1,amsterdam
87703,avatar_d16_step3j_1_845,39560,16,danish,1,valletta
87749,avatar_d17_step3j_1_846,39561,17,greek,1,paris
87905,avatar_d14_step3j_1_847,39562,14,greek,1,copenhagen
88049,avatar_d14_step3j_1_848,39563,14,greek,1,madrid
88165,avatar_d16_step3j_1_849,39564,16,greek,1,rome
88286,avatar_d14_step3j_1_850,39565,14,greek,1,sofia
88341,avatar_d15_step3j_1_851,39566,15,greek,1,vilnius
88428,avatar_d18_step3j_1_852,39567,18,greek,1,vienna
88526,avatar_d15_step3j_1_853,39568,15,greek,1,amsterdam
88650,avatar_d16_step3j_1_854,39569,16,greek,1,valletta
88696,avatar_d18_step3j_1_855,39570,18,croatian,1,paris
88852,avatar_d18_step3j_1_856,39571,18,croatian,1,copenhagen
88992,avatar_d15_step3j_1_857,39572,15,croatian,1,madrid
89097,avatar_d18_step3j_1_858,39573,18,croatian,1,rome
89218,avatar_d14_step3j_1_859,39574,14,croatian,1,sofia
89273,avatar_d15_step3j_1_860,39575,15,croatian,1,vilnius
89360,avatar_d14_step3j_1_861,39576,14,croatian,1,vienna
89466,avatar_d15_step3j_1_862,39577,15,croatian,1,amsterdam
89590,avatar_d15_step3j_1_863,39578,15,croatian,1,valletta
89636,avatar_d14_step3j_1_864,39579,14,polish,1,paris
89801,avatar_d15_step3j_1_865,39580,15,polish,1,copenhagen
89941,avatar_d14_step3j_1_866,39581,14,polish,1,madrid
90057,avatar_d15_step3j_1_867,39582,15,polish,1,rome
90178,avatar_d15_step3j_1_868,39583,15,polish,1,sofia
90229,avatar_d18_step3j_1_869,39584,18,polish,1,vilnius
90316,avatar_d14_step3j_1_870,39585,14,polish,1,vienna
90422,avatar_d18_step3j_1_871,39586,18,polish,1,amsterdam
90546,avatar_d18_step3j_1_872,39587,18,polish,1,valletta
90592,avatar_d17_step3j_1_873,39588,17,german,1,paris
90748,avatar_d16_step3j_1_874,39589,16,german,1,copenhagen
90888,avatar_d17_step3j_1_875,39590,17,german,1,madrid
90993,avatar_d16_step3j_1_876,39591,16,german,1,rome
91114,avatar_d17_step3j_1_877,39592,17,german,1,sofia
91165,avatar_d16_step3j_1_878,39593,16,german,1,vilnius
91252,avatar_d18_step3j_1_879,39594,18,german,1,vienna
91350,avatar_d15_step3j_1_880,39595,15,german,1,amsterdam
91474,avatar_d16_step3j_1_881,39596,16,german,1,valletta
91520,avatar_d18_step3j_1_882,39597,18,spanish,1,paris
91676,avatar_d17_step3j_1_883,39598,17,spanish,1,copenhagen
91816,avatar_d15_step3j_1_884,39599,15,spanish,1,madrid
91921,avatar_d14_step3j_1_885,39600,14,spanish,1,rome
92049,avatar_d14_step3j_1_886,39601,14,spanish,1,sofia
92104,avatar_d16_step3j_1_887,39602,16,spanish,1,vilnius
92191,avatar_d14_step3j_1_888,39603,14,spanish,1,vienna
92297,avatar_d15_step3j_1_889,39604,15,spanish,1,amsterdam
92421,avatar_d16_step3j_1_890,39605,16,spanish,1,valletta
92467,avatar_d17_step3j_1_891,39606,17,estonian,1,paris
92623,avatar_d16_step3j_1_892,39607,16,estonian,1,copenhagen
92763,avatar_d17_step3j_1_893,39608,17,estonian,1,madrid
92868,avatar_d18_step3j_1_894,39609,18,estonian,1,rome
92989,avatar_d17_step3j_1_895,39610,17,estonian,1,sofia
93040,avatar_d14_step3j_1_896,39611,14,estonian,1,vilnius
93133,avatar_d18_step3j_1_897,39612,18,estonian,1,vienna
93231,avatar_d18_step3j_1_898,39613,18,estonian,1,amsterdam
93355,avatar_d14_step3j_1_899,39614,14,estonian,1,valletta
93403,avatar_d14_step3j_1_900,39615,14,lithuanian,1,paris
93568,avatar_d17_step3j_1_901,39616,17,lithuanian,1,copenhagen
93708,avatar_d15_step3j_1_902,39617,15,lithuanian,1,madrid
93813,avatar_d14_step3j_1_903,39618,14,lithuanian,1,rome
93941,avatar_d16_step3j_1_904,39619,16,lithuanian,1,sofia
93992,avatar_d16_step3j_1_905,39620,16,lithuanian,1,vilnius
94079,avatar_d16_step3j_1_906,39621,16,lithuanian,1,vienna
94177,avatar_d16_step3j_1_907,39622,16,lithuanian,1,amsterdam
94301,avatar_d15_step3j_1_908,39623,15,lithuanian,1,valletta
94347,avatar_d16_step3j_1_909,39624,16,cypriot,1,paris
94503,avatar_d18_step3j_1_910,39625,18,cypriot,1,copenhagen
94643,avatar_d18_step3j_1_911,39626,18,cypriot,1,madrid
94748,avatar_d16_step3j_1_912,39627,16,cypriot,1,rome
94869,avatar_d15_step3j_1_913,39628,15,cypriot,1,sofia
94920,avatar_d17_step3j_1_914,39629,17,cypriot,1,vilnius
95007,avatar_d17_step3j_1_915,39630,17,cypriot,1,vienna
95105,avatar_d15_step3j_1_916,39631,15,cypriot,1,amsterdam
95229,avatar_d15_step3j_1_917,39632,15,cypriot,1,valletta
95275,avatar_d16_step3j_1_918,39633,16,latvian,1,paris
95431,avatar_d15_step3j_1_919,39634,15,latvian,1,copenhagen
95571,avatar_d14_step3j_1_920,39635,14,latvian,1,madrid
95687,avatar_d15_step3j_1_921,39636,15,latvian,1,rome
95808,avatar_d14_step3j_1_922,39637,14,latvian,1,sofia
95863,avatar_d16_step3j_1_923,39638,16,latvian,1,vilnius
95950,avatar_d18_step3j_1_924,39639,18,latvian,1,vienna
96048,avatar_d15_step3j_1_925,39640,15,latvian,1,amsterdam
96172,avatar_d18_step3j_1_926,39641,18,latvian,1,valletta
96218,avatar_d18_step3j_1_927,39642,18,irish,1,paris
96374,avatar_d18_step3j_1_928,39643,18,irish,1,copenhagen
96514,avatar_d14_step3j_1_929,39644,14,irish,1,madrid
96630,avatar_d14_step3j_1_930,39645,14,irish,1,rome
96758,avatar_d17_step3j_1_931,39646,17,irish,1,sofia
96809,avatar_d14_step3j_1_932,39647,14,irish,1,vilnius
96902,avatar_d16_step3j_1_933,39648,16,irish,1,vienna
97000,avatar_d17_step3j_1_934,39649,17,irish,1,amsterdam
97124,avatar_d17_step3j_1_935,39650,17,irish,1,valletta
97170,avatar_d16_step3j_1_936,39651,16,italian,1,paris
97326,avatar_d18_step3j_1_937,39652,18,italian,1,copenhagen
97466,avatar_d14_step3j_1_938,39653,14,italian,1,madrid
97582,avatar_d16_step3j_1_939,39654,16,italian,1,rome
97703,avatar_d16_step3j_1_940,39655,16,italian,1,sofia
97754,avatar_d18_step3j_1_941,39656,18,italian,1,vilnius
97841,avatar_d16_step3j_1_942,39657,16,italian,1,vienna
97939,avatar_d16_step3j_1_943,39658,16,italian,1,amsterdam
98063,avatar_d14_step3j_1_944,39659,14,italian,1,valletta
98111,avatar_d15_step3j_1_945,39660,15,slovene,1,paris
98267,avatar_d14_step3j_1_946,39661,14,slovene,1,copenhagen
98411,avatar_d14_step3j_1_947,39662,14,slovene,1,madrid
98527,avatar_d17_step3j_1_948,39663,17,slovene,1,rome
98648,avatar_d18_step3j_1_949,39664,18,slovene,1,sofia
98699,avatar_d16_step3j_1_950,39665,16,slovene,1,vilnius
98786,avatar_d18_step3j_1_951,39666,18,slovene,1,vienna
98884,avatar_d18_step3j_1_952,39667,18,slovene,1,amsterdam
99008,avatar_d14_step3j_1_953,39668,14,slovene,1,valletta
99056,avatar_d18_step3j_1_954,39669,18,czech,1,paris
99212,avatar_d16_step3j_1_955,39670,16,czech,1,copenhagen
99352,avatar_d16_step3j_1_956,39671,16,czech,1,madrid
99457,avatar_d16_step3j_1_957,39672,16,czech,1,rome
99578,avatar_d18_step3j_1_958,39673,18,czech,1,sofia
99629,avatar_d17_step3j_1_959,39674,17,czech,1,vilnius
99716,avatar_d14_step3j_1_960,39675,14,czech,1,vienna
99822,avatar_d15_step3j_1_961,39676,15,czech,1,amsterdam
99946,avatar_d16_step3j_1_962,39677,16,czech,1,valletta
99992,avatar_d15_step3j_1_963,39678,15,portuguese,1,paris
100148,avatar_d16_step3j_1_964,39679,16,portuguese,1,copenhagen
100288,avatar_d14_step3j_1_965,39680,14,portuguese,1,madrid
100404,avatar_d17_step3j_1_966,39681,17,portuguese,1,rome
100525,avatar_d17_step3j_1_967,39682,17,portuguese,1,sofia
100576,avatar_d15_step3j_1_968,39683,15,portuguese,1,vilnius
100663,avatar_d14_step3j_1_969,39684,14,portuguese,1,vienna
100769,avatar_d17_step3j_1_970,39685,17,portuguese,1,amsterdam
100893,avatar_d15_step3j_1_971,39686,15,portuguese,1,valletta
